{
  "best_strategy_label": "gaussian",
  "best_strategy": {
    "strategy": "gaussian",
    "lookahead": 2,
    "sigma": 1.0
  },
  "detach_target": true,
  "normalize_gradients": false,
  "summary": {
    "stage1_baseline": {
      "mean_val_acc": 0.974949985742569,
      "std_val_acc": 0.0004499852657318115
    },
    "stage1_strategy_fixed1": {
      "mean_val_acc": 0.9756500124931335,
      "std_val_acc": 0.0011500120162963867
    },
    "stage1_strategy_fixed2": {
      "mean_val_acc": 0.9757499992847443,
      "std_val_acc": 0.001050025224685669
    },
    "stage1_strategy_gaussian": {
      "mean_val_acc": 0.9765500128269196,
      "std_val_acc": 0.00135001540184021
    },
    "stage1_strategy_uniform": {
      "mean_val_acc": 0.9756999909877777,
      "std_val_acc": 0.0017000138759613037
    },
    "stage1_strategy_output": {
      "mean_val_acc": 0.9763000011444092,
      "std_val_acc": 0.001699984073638916
    },
    "stage1_strategy_exp": {
      "mean_val_acc": 0.9760000109672546,
      "std_val_acc": 0.0009999871253967285
    },
    "stage1_detach_True": {
      "mean_val_acc": 0.9765500128269196,
      "std_val_acc": 0.00135001540184021
    },
    "stage1_detach_False": {
      "mean_val_acc": 0.9760999977588654,
      "std_val_acc": 0.0018999874591827393
    },
    "stage1_gradnorm_False": {
      "mean_val_acc": 0.9759499728679657,
      "std_val_acc": 0.000550001859664917
    },
    "stage1_gradnorm_True": {
      "mean_val_acc": 0.9456999897956848,
      "std_val_acc": 0.0023999810218811035
    }
  }
}